longitude,latitude,digit,city,age,email
67.30712,-44.27913,90,Wepekza,64,ecodar@ja.gov
-53.11525,65.54713,52,Jezwattow,30,put@budib.gov
-145.86939,16.22121,00,Espiti,65,zogmi@cub.org
-94.40785,-18.7846,31,Suctego,21,ropsi@riampi.gov
71.21682,-29.90561,89,Lefavoc,33,ugdid@hotebop.net
100.64683,9.75265,67,Moesbis,59,li@fumfobof.com
-34.03606,-35.79546,85,Kikucezil,27,wigjavhe@kego.net
8.79383,22.62456,22,Harcazu,65,ejkitlip@pidun.io
141.51638,-57.80507,37,Ramledaf,26,cek@vaapi.gov
-10.494,36.18927,59,Lazrefu,57,sevcul@foonud.io
-142.3915,-52.31617,06,Fiwnipur,34,givov@abziju.edu
20.03461,60.54233,58,Irkuloj,62,ni@wa.org
160.32636,9.2585,00,Tiwokewe,25,caz@nak.com
124.76721,7.26957,85,Sufmorhu,48,gilunvod@naberi.com
-91.02067,-42.93599,65,Akunersa,54,ovikubep@sokkas.net
-149.39662,-43.15711,77,Arziphij,57,voblowuw@nigiw.com
-163.61164,26.81645,41,Mudalo,36,umovikril@gobpeg.com
-19.88803,69.22626,24,Rakjujog,57,joase@bu.com
52.26794,75.52643,31,Iktazma,19,roshi@dumru.net
171.32836,-78.424,82,Gigevdus,19,zup@sa.com
50.88179,14.46035,78,Ebzozan,40,oboiku@it.io
-111.96529,-18.3722,63,Beifiwo,26,gomvo@tufdus.io
-53.95914,22.75594,59,Bozezmiz,34,rul@cih.com
66.38518,-57.49535,30,Papgugpu,31,ova@cas.net
112.30238,-80.79296,45,Gerpasrog,50,ca@izi.com
-171.61085,52.31846,42,Obgeiv,29,itife@ipbad.co.uk
162.76198,-71.14797,51,Edleela,40,batro@ad.net
-28.45731,-71.43948,99,Fopoczuv,34,gim@leevzu.io
-73.84663,42.20185,00,Jonowwif,25,ko@biwnunju.org
6.01538,-36.61166,73,Ufewokepo,51,fa@furnetwo.com
-50.92182,42.46953,90,Nopdorhib,22,coj@nib.org
-65.55867,-16.0469,56,Heepet,60,arookawop@wulrergo.co.uk
-85.3666,-83.16383,87,Nukkopiti,35,da@feraz.co.uk
40.10889,-36.58627,01,Orvunvaw,21,pizogehi@fom.io
-25.36041,35.64056,14,Geuwges,45,lom@alhi.net
-77.25175,6.20683,85,Ragovca,36,ofe@zupeb.net
63.06513,-88.85144,99,Bekokov,58,puala@cov.edu
178.89329,75.34811,55,Tekvimik,38,mopira@ca.gov
9.89103,19.74448,19,Hugobher,43,vocaw@ihooriti.net
-2.99932,73.25639,64,Wevzizli,24,kujufo@ahgoowe.io
114.1834,-19.77474,54,Ijasokve,27,hamusim@zic.net
-159.25845,83.09302,50,Pitrius,42,ez@ra.net
-88.07142,-9.25465,26,Wanlisa,59,satna@guwaw.co.uk
124.01455,-14.08412,68,Fijaib,64,lathol@fo.com
134.89304,81.11276,91,Acajwu,44,rubafge@vikdirot.co.uk
-5.10439,82.49466,83,Famdukbi,25,gudpepko@hiigu.org
-119.01985,72.04178,46,Cindesuh,50,nalropid@vih.edu
1.48039,0.7213,66,Nofefevan,25,wioc@we.net
128.40771,-67.39884,43,Furufsof,60,sitaw@ugepevwim.gov
-47.13213,27.30743,79,Oripanjen,48,fe@ehioc.io
-3.92251,25.941,10,Cadunrev,38,abme@kiv.gov
-5.38855,-86.20779,84,Gofagnik,28,uw@roetja.io
20.96769,46.45042,71,Ocurajdo,54,tir@ja.org
-88.44664,20.12029,01,Abavinoj,61,akpan@epheur.co.uk
-166.77139,48.51603,98,Pipuroce,60,tavtu@ge.io
173.2322,58.98534,23,Mansiben,53,zare@sa.co.uk
-43.64455,-40.68487,92,Vobobib,29,kev@aje.co.uk
-130.62321,-68.46723,12,Vaprano,29,it@piw.io
15.11914,42.97013,65,Nirehsaw,31,acava@pijasa.org
93.57227,-76.91083,75,Tawjeli,54,sud@mum.gov
-55.47454,27.53961,48,Durezoca,57,mezoc@mewufi.org
-13.09377,-74.56687,40,Banobab,35,gujihum@zutcehope.co.uk
174.07089,-49.86332,38,Cikmosmo,44,wawnobe@ot.co.uk
151.43911,35.46606,31,Wontiagu,64,lifvine@motbojsom.io
-152.08527,-20.53428,94,Dawogju,62,namiri@zonacosa.io
28.37301,72.82152,25,Nusawcih,45,nurde@di.edu
-44.88646,-82.60665,58,Cozduwsov,59,nuttavuf@nid.net
167.0413,86.99079,09,Daocebim,60,caphib@fij.org
126.56029,-88.09847,40,Jeplukmo,35,mujgudadu@kotvezla.edu
78.40722,-84.70653,75,Mojjowu,36,bibipa@bamba.edu
-115.69763,-55.16017,79,Tubokal,22,ba@suowu.edu
-124.48758,71.44896,20,Vutrogdiv,35,afuil@cirtatej.net
74.01055,67.90796,63,Guritenat,31,vogjonwa@ockus.gov
18.38028,-2.70252,57,Susfeseg,25,saj@bobcetkup.gov
-165.3735,-67.56958,15,Fimpivgo,41,botdu@ho.co.uk
-93.61103,-10.54597,07,Wepniwog,27,avnueti@wohi.edu
179.12571,-38.79319,25,Pupuzit,51,kaf@woik.net
-60.6038,68.92132,75,Wofultaz,31,futru@senzek.edu
-162.96522,10.39352,46,Vajconduk,37,witenofib@liba.org
93.9364,50.07837,89,Zuvwuvjo,61,viprewof@bo.edu
-166.94393,-8.52728,73,Caereba,37,na@dokjokka.org
52.71785,1.37157,49,Zesveod,58,jizso@itiho.edu
-13.95994,2.14434,33,Citmuta,62,laiseka@suzum.com
157.11453,-25.07798,80,Hihfeos,40,berpoc@neovo.io
-32.15436,24.54401,96,Suezmi,34,hid@deso.gov
-25.21608,-65.56654,32,Pibdelos,26,maz@eje.co.uk
-18.86187,-68.89885,89,Hobtuljel,28,ipa@vuelawe.net
161.65154,-25.20172,37,Sevhahu,55,vedig@wiejaleb.com
66.00465,87.13903,74,Voiteola,35,osmavef@voruhuj.edu
-6.21606,65.12863,53,Popgaziw,57,darfup@maw.org
4.67545,-66.35334,16,Resuggo,54,wodevoc@jubhodmuf.gov
91.18772,-11.18838,09,Ukenukor,31,togebooli@obajuuw.gov
115.25992,-25.32651,90,Taelipa,65,zu@toscafket.edu
4.07103,18.41277,37,Jiweldi,43,cuw@epbudzo.net
-173.70425,20.69459,00,Solapki,39,lovu@fabu.io
-66.29547,-87.88251,52,Sicuho,49,corsolbid@mifze.com
-156.29179,-33.03729,14,Ruahzid,49,honde@sapri.io
5.05005,-40.36826,02,Cawihir,64,bupaik@fozacaf.gov
-130.25912,34.25531,20,Wuvahob,54,jugti@ascikno.io
-170.39053,-5.91735,25,Kithapez,18,ijnajafe@ficadeci.net
114.38201,-12.56585,34,Zecukafe,21,hiwo@wikdope.co.uk
-175.25858,-79.35646,51,Ezoefas,60,her@fugle.gov
79.98119,-37.17799,99,Dafimlip,64,atfu@pugho.io
100.87419,2.46991,90,Ocosise,49,oleke@ijili.edu
-38.00902,35.53076,00,Vilwioha,18,runebwaz@bupa.io
-110.71294,-89.36276,76,Uvluceru,35,vaehizi@cumrik.gov
-24.89667,65.52949,72,Jilcepdac,42,ja@roca.org
-94.83367,-34.96732,28,Dezobnu,23,zuvlik@rirveko.org
0.76109,-37.88524,91,Rouhifo,23,fo@mi.com
38.28222,-85.21218,71,Roejowo,54,gubive@jigbaizu.io
-103.07199,-28.70369,68,Vimavlo,44,nu@wij.gov
-99.51272,-28.61126,22,Ruksujaz,25,sohit@dogjo.io
-147.60224,27.80438,71,Tadpishup,41,rat@lazluvoze.co.uk
-153.24089,70.42852,56,Gadobuzaz,38,aku@vez.io
-56.53485,67.5767,76,Otiikuhof,48,ot@hijip.io
-177.5321,85.89977,00,Huborve,46,tu@piwa.gov
142.82626,-36.74582,61,Vujugohe,60,vadagfaj@apapuwbim.edu
79.64446,-65.53314,96,Kicubtos,21,vudhif@od.gov
-46.84209,-50.18113,09,Rizezcek,22,pikrulo@ti.gov
-57.2042,-44.39493,11,Udfaugi,28,anvocob@lele.io
-83.06744,-6.91778,41,Dubnuled,55,peil@we.org
-93.925,58.76861,08,Sedmiej,37,sewal@ewteite.com
-117.67149,50.21494,16,Vewpeate,42,aseap@tele.co.uk
-17.34923,-81.6278,07,Hivholbug,47,ago@gobeh.net
150.78424,-88.41271,96,Pesibek,51,uma@wobcok.edu
109.30483,-76.41925,57,Pihaliv,52,hadlevcet@nopwu.gov
-16.20154,32.52549,87,Wildunfi,50,kiismoc@wu.edu
177.11646,-50.18193,46,Kalucawuw,26,wewvean@ruw.edu
177.69486,-84.00707,76,Uluvepbo,23,sazu@zaocha.edu
37.24467,-22.32467,72,Pusfomle,21,herible@man.co.uk
178.93166,-81.78432,19,Cubersu,20,vi@jocarugi.net
-142.26955,-60.37722,88,Ukicagbud,27,kosvipon@ko.net
164.05763,21.10923,66,Ricilsan,25,ejcizha@dut.edu
-68.72112,-71.48249,00,Ewaojipeh,59,zi@cufjorom.org
175.93265,-23.29633,44,Emunuwo,24,misiztej@va.io
-147.95638,55.95262,00,Hiugok,65,fe@kubo.co.uk
95.06574,-15.89951,81,Wipani,27,mewe@hedpok.com
149.53354,35.01078,06,Ijnugkuf,35,utaofi@vijnoz.org
152.18126,-39.67915,26,Casutuohu,18,kaunco@somimwi.io
102.33594,-49.02217,58,Kujpela,51,ebe@cirudwu.net
-131.10475,-19.9917,16,Ejilubso,18,pakif@kema.net
61.30775,30.80571,19,Rajrituc,46,ar@wioda.gov
-125.65322,22.84376,88,Hohoace,45,redjercud@bodafe.org
-155.23197,52.02506,51,Kilivda,56,de@bob.org
-22.68766,86.92328,79,Hozsesiz,55,ce@bipi.edu
78.63031,-37.15131,94,Midoffec,20,idoho@obozoac.org
-113.71465,5.7856,66,Kenamco,47,el@odiari.io
156.73065,16.28361,63,Ozokoguc,26,atokumpu@cusisal.co.uk
127.335,-23.94596,26,Tanuhat,65,fid@di.co.uk
123.57156,-31.23788,55,Viapivo,33,ufpogij@dol.edu
-88.76699,-0.02384,04,Meftezge,45,fazudumo@imbugkir.com
157.03267,38.33304,49,Suujuute,61,lacbah@rurireceb.edu
-96.25162,49.88339,13,Japkabuk,24,po@piluvve.co.uk
32.71134,82.21118,56,Poeneba,30,ejolupep@tasketif.com
127.00935,-46.27276,98,Jehmizi,22,galjujpo@facot.edu
-126.452,9.17999,76,Kobfufted,22,ol@etluoh.gov
-59.12653,-41.12683,09,Buficuleg,51,idlof@gubureb.com
166.46065,-60.5301,81,Effufo,62,hej@muweg.co.uk
-89.63532,-50.80508,02,Pidiwta,30,fiwsaccu@padzuzhaz.io
-124.68649,-4.8181,16,Fiwregiho,44,ojo@furkagos.net
-168.44843,-82.71095,26,Semetaju,39,neudvod@gerpi.com
35.60013,3.66478,47,Fivudhe,54,cibegu@ova.net
120.93986,-8.09358,12,Boozauwa,51,nev@ip.org
96.61861,65.10739,56,Atubemu,36,wi@sopip.co.uk
79.93678,18.34403,88,Rujhenad,32,womtek@uccoh.edu
-67.56706,-72.39426,57,Setakan,56,buud@jihuv.io
-67.66242,-76.01691,13,Awetuewa,63,tu@zuhgaw.net
128.04395,42.65135,69,Loowgaw,26,holruv@tud.co.uk
-26.75372,63.57186,76,Hitsefhoj,36,zovobral@lijkel.co.uk
-29.30351,-88.24157,95,Suvbicuki,50,ushoan@vo.com
-55.98179,-35.8797,89,Tabiffe,48,iroho@pimkurruj.gov
-39.02254,-71.8409,37,Ateizlic,31,pob@im.net
-3.92388,-64.67642,08,Tinuvep,58,nurtuhni@ekufen.com
-131.2101,46.73059,96,Taoprum,33,mi@dan.io
-102.65723,20.95013,54,Zuhavbe,46,ukrejbo@beju.gov
87.23494,43.43561,48,Vibulo,59,le@zefot.gov
-1.32206,-35.82667,50,Ducbopca,32,duficubu@lemanouje.io
-44.96004,-23.53093,63,Pufudva,35,ilesi@jusovhus.net
-59.53262,57.14701,11,Zelcohsiv,33,cez@fabam.com
-88.49654,-15.62642,01,Retotraj,49,raf@ibanajwab.org
91.51261,31.61535,75,Hulposveb,43,vawkihge@fidmorbe.com
-76.64678,79.30578,53,Mobzohow,28,vuwub@ligmewac.co.uk
-89.61168,41.58233,01,Fofeji,64,bagidlag@mamwa.io
-146.18586,-80.24929,61,Ucibuvfa,64,jef@pi.com
-3.98348,-33.4828,95,Sujceif,45,adicemas@ze.edu
153.77556,68.90487,04,Muwlazdan,60,eke@kifebi.com
111.03631,-27.46223,77,Hainaju,29,fehotuf@fa.edu
-59.62318,-18.65174,80,Kiceis,63,henfa@gucabogo.gov
-113.37561,31.00902,90,Gajvedu,35,milnek@ef.com
2.35836,-88.61261,90,Lajeblod,28,guf@vuwvubzuz.org
-38.0496,-10.3047,35,Gaunome,37,weniw@vujak.gov
64.06296,53.57178,54,Ifpies,63,luf@sekmen.org
-161.49246,-50.41514,95,Femawaimu,31,mufmucem@fisadloj.edu
112.0445,16.08995,09,Cedekupi,52,acru@waguzuh.org
-69.65091,6.71265,56,Uhugul,25,itasepzu@ba.co.uk
112.27835,-23.69952,52,Sattaba,56,socwusdac@janid.com
-125.84116,36.98585,88,Legbawo,65,vukoke@ladcuaha.co.uk
11.14578,66.39165,99,Dunapcu,23,iganas@hondo.co.uk
147.15288,-57.75408,13,Tinwoguj,61,wadcuncaz@tepo.co.uk
51.02695,-54.34925,45,Nakkavug,30,ladmobjow@caffi.org
73.68353,66.56395,45,Cojonged,42,la@pum.io
173.12289,88.76502,21,Javole,22,gur@wivpij.edu
172.50822,-61.93016,07,Lizorim,65,oci@mimuvu.org
165.97863,-10.11044,94,Racife,38,cef@rum.net
89.92766,-51.41109,11,Reucezu,63,wa@deji.co.uk
-30.47088,6.96371,36,Buukapa,45,wauti@fuw.com
-73.98017,-42.54707,44,Legmechib,25,nutizoz@ta.gov
69.86926,-45.4416,18,Detofo,47,dagedu@dohwooj.io
-22.3987,-48.1362,47,Remanmoh,64,ko@tigjomsa.net
-111.24118,-77.83002,82,Fuhtuvzuc,46,satuven@iridedni.com
163.11691,10.87647,42,Bijlahe,59,heoguse@ru.io
-175.85388,72.3314,10,Milejodo,49,pipegaiko@sewelmo.io
87.95931,67.7634,01,Foavap,50,dodtem@faipa.net
-111.3314,62.64308,39,Decoaj,37,gacuh@ke.co.uk
39.961,57.62323,72,Gudvovsif,32,zeha@ramo.com
131.56581,-3.20833,39,Nejevibo,48,pe@jafgimun.com
5.07706,-4.41114,88,Ehumumhu,58,roti@kour.co.uk
42.15063,47.39703,02,Poinoze,48,wapik@catur.com
-160.1202,38.04903,63,Wulfelid,57,tuwzu@omutot.io
71.64263,-26.46422,45,Lunbiput,28,gakuz@wauckin.com
96.48679,-35.23752,04,Cehrivu,51,heztibod@wok.co.uk
76.58178,60.05422,12,Huzbaci,32,icduh@al.net
162.92811,-7.07652,74,Votluje,40,japrev@co.com
88.13348,-20.02866,31,Fepmoac,38,uc@awiwso.edu
-68.68581,-67.99563,53,Anajubiha,40,ripili@ve.com
-18.98399,26.72409,54,Lisoele,56,teupco@lifuleb.co.uk
-159.51701,69.19981,58,Rovoov,29,iki@hika.gov
-51.62397,-37.51925,99,Jinbibif,35,rirwik@gotgi.gov
-29.08454,-77.64708,22,Riblufbi,28,cim@cice.co.uk
-28.88152,38.59566,17,Talilguh,59,how@tama.com
-107.42644,-23.91546,38,Vudtemuc,30,iz@li.com
-173.74175,-32.16294,99,Zavihjuw,62,ahwefov@leremes.net
55.96781,37.27109,01,Alpenik,50,ifo@baeja.co.uk
-50.91516,28.09668,64,Orvubebi,48,heheli@siljemos.com
-167.35581,-42.10987,58,Jufugipo,64,ehujohac@fadfeb.io
32.63981,-83.0016,29,Okefoir,39,gijefdu@cufto.io
2.165,-55.43228,43,Emepuwim,18,nuzvevjun@seema.gov
-124.82271,34.10677,08,Dohojcoc,41,pook@bomo.edu
149.52005,81.19422,91,Tuuzeka,21,ubba@ebe.net
-7.57341,55.95109,99,Pamevmut,35,mozfab@zedohimu.com
-27.89882,0.24814,96,Avuzouj,58,nip@ojupegok.gov
-21.58006,22.84681,58,Ubjuvpa,37,totcem@lomvimik.co.uk
-167.68157,-82.94999,54,Jefcamgog,38,kocitci@wis.org
-99.34529,43.2293,06,Calpewu,49,sap@takese.com
-101.94035,65.71999,60,Wogoid,39,nu@du.net
153.55361,-71.44899,39,Jawosa,45,pa@ev.com
-1.08245,-52.42279,65,Genaga,49,sularfu@gu.gov
-149.21655,77.10113,77,Luibwuk,48,cej@fava.gov
-111.5882,68.6719,85,Jozvehfin,41,rug@we.gov
38.84023,8.9077,26,Nuhfoje,30,sehukad@jirbif.io
53.10937,-19.87852,08,Banascu,27,wumovip@ful.gov
-177.32959,-22.71065,16,Mebihzem,25,fuol@kinnoik.co.uk
102.50109,0.816,55,Datiuke,26,nur@rorzeal.com
9.59067,40.488,16,Tiifowa,62,rowecbev@imnuda.co.uk
-175.319,58.68917,68,Erolizcov,63,nepius@gog.gov
86.63694,81.83472,63,Gifeko,28,tocgo@kipi.com
-115.90102,-83.23018,29,Ehubiba,32,owfe@ekadaf.io
-48.98695,-23.71348,26,Hutiben,42,jipwo@cow.co.uk
179.30074,-12.01664,87,Cetoes,24,es@mesgesdol.io
176.88647,-48.95532,44,Wucropav,43,edo@saov.gov
95.48719,77.98492,74,Fejmeri,29,feodu@ta.net
-156.89556,74.5638,53,Hubalzu,60,zi@ko.edu
-57.84641,-0.08173,06,Wakinoda,23,tavsiuga@ewhir.net
-87.95932,-79.08346,48,Elehepla,31,rec@ki.edu
-130.29997,77.35919,84,Ittarih,61,lufi@afolo.io
-177.08014,-21.95653,49,Utruwhuh,57,ejlec@du.edu
168.09146,55.72698,58,Ruakiub,49,kek@nuroses.co.uk
-97.31632,-2.0995,44,Omageeze,26,jamepas@zohago.edu
-80.03069,5.78301,84,Gavauc,53,keckaf@weetosut.com
155.01652,19.98931,13,Izsewna,45,ore@gosi.com
41.46465,-31.62733,58,Duwoksum,65,befhuh@ju.edu
-99.3126,74.7381,83,Poivra,25,now@ruvzame.co.uk
-173.75779,-54.40279,02,Ugusuni,35,kat@fuejeho.net
57.68205,-36.99519,93,Ibivopuj,64,tegzi@tisi.org
15.16957,-22.17284,19,Lovibor,43,fezrik@gohiga.gov
40.46388,50.45384,63,Egozotmu,40,poke@lomcam.net
6.80612,-62.2665,03,Cupouc,45,jiwca@sukvo.org
89.3808,35.63851,48,Kuhunojag,20,ac@jahinfih.org
128.15016,5.12414,08,Vepnifuh,32,aplapuw@ganno.com
-40.03749,-48.04345,27,Zitujaifo,60,id@kuc.edu
-152.4223,-14.52567,57,Fogvadu,40,epa@sis.gov
-146.90564,-78.4861,39,Mecvoem,63,eb@ohfu.io
27.07091,79.30436,24,Dejusuwob,63,ec@haure.edu
57.70346,-82.9789,41,Ejiopotas,62,rakehuv@hu.gov
97.62411,-33.96176,80,Hacesef,41,kafepopot@acalara.org
-43.44598,67.77674,52,Tedoew,48,dongofbu@ehradfoc.org
56.88519,26.7125,76,Ulifamju,24,borzig@tiw.org
-90.44396,34.2172,25,Mupabip,24,muuseiwe@ufahuruw.net
-94.21495,-46.89726,59,Bosubmeb,64,gi@nikad.io
39.76437,43.46212,70,Guafna,43,wof@re.gov
-91.08295,-81.87056,81,Hivnaco,29,lam@fa.co.uk
-172.98647,69.47389,60,Puhelhir,38,ge@eh.io
0.20905,-64.79889,56,Pusuvuri,21,uhomako@vaj.co.uk
-163.55055,-58.20692,41,Neteggow,23,de@wi.io
63.96187,-56.77661,65,Juvaked,48,parotuzu@cicju.com
161.37751,-10.74297,65,Ocamucev,58,tatfug@faz.edu
-101.00221,-17.58683,01,Dofuzoz,26,zubjahfi@be.org
5.56089,-12.81822,21,Jikkuzuh,37,emhiswew@licjuku.edu
-52.41924,-76.06609,69,Basepir,43,ho@hutuhuj.io
-146.66439,-22.73583,92,Kuguvmu,52,ledioju@iscuwi.gov
6.31586,5.7587,73,Usmofbi,36,oce@gocole.io
60.67755,84.19957,51,Notihlig,41,sa@jot.com
-145.68095,1.1315,56,Tigsocroc,61,vauwobec@jas.net
-81.94597,-44.78625,05,Towonip,57,pos@bufuh.co.uk
137.70727,-7.05082,28,Kedigij,65,virluoz@cok.edu
134.52989,-7.33353,41,Hefgivgas,31,kida@sizuzuv.com
127.2611,-17.30149,54,Sizofoju,26,zipu@pigfioc.com
84.27844,37.44181,41,Sajunuv,37,nurbepzi@vu.com
-65.48353,78.64887,63,Alunoeb,21,cordafpef@ciaznuk.edu
-163.90838,-29.6555,67,Zogpunro,46,livwi@hil.org
132.17339,10.00573,12,Ifzilohe,54,ku@ulli.edu
25.73479,46.86416,67,Gizbuwu,26,jirse@opoc.io
-157.92075,-21.07581,16,Hulhancib,40,gi@efewi.co.uk
-173.86417,74.88743,25,Cepuwiruf,28,jiddubewe@itrat.io
24.69266,-39.3299,96,Luvovu,50,levku@koscuwsis.edu
-86.37553,-12.1183,29,Sazmibwi,34,dicmir@loolvi.edu
89.43889,89.19231,00,Gopilula,23,titjec@bahwil.io
-74.03465,-22.99179,43,Hizokisu,44,eheeza@pe.gov
96.26919,-75.16866,00,Afhejkar,58,suveh@zijed.net
-30.92273,44.45434,65,Adhoimi,44,pe@bukzen.edu
-74.62629,-69.30514,78,Ohkabsej,32,sucewu@cihun.net
-145.70821,89.042,48,Miljortod,61,zihjer@ziskozuw.com
-151.92335,-0.08824,73,Kigaep,51,tasinheg@fasi.co.uk
-163.73332,12.99347,88,Meowugih,48,le@bigehu.com
39.7249,-64.53115,11,Muliret,26,ziftahpir@ge.com
-174.05612,-27.1477,89,Wagacu,36,dankipre@ibi.com
116.26374,4.12193,24,Orlujud,18,erojur@ovseh.net
-130.11872,-21.77745,35,Kaaztij,55,cib@cuhvob.net
-64.73185,-71.52044,62,Udaszag,19,cuguhu@areke.io
-49.33721,-53.06091,30,Pihuve,27,vofbuola@modu.net
16.75442,-5.37193,63,Ajuawbu,61,nudes@mujdit.io
25.04879,-69.12186,27,Kokmacis,54,difro@vusbev.org
-17.52997,-67.71478,79,Woamodi,55,nauga@culufal.co.uk
126.20092,85.56253,48,Ibeatmuj,44,wazuk@tisic.net
150.53294,-14.33851,70,Jibmofipi,28,kom@luwu.io
160.78936,57.16823,92,Tiozuz,43,boafi@rahuzvuw.edu
155.60032,85.12459,52,Vajbedew,24,cakjofega@magat.co.uk
-66.50425,68.75062,75,Gehuhwa,60,aj@palo.io
173.86319,10.65648,55,Domkijoj,42,sove@wolumaj.edu
146.37179,71.60952,12,Rapmuna,57,zivu@nasaefe.com
31.85497,-9.82652,28,Ziwwunluw,38,tuhcijib@zawel.io
-132.10951,-39.69512,74,Ecaceras,61,ceneos@uro.io
96.35936,85.48928,10,Obegoate,54,amukowno@vidce.co.uk
-29.72905,-61.6564,88,Vicrico,46,pippavhed@aduaj.org
155.18365,18.26154,50,Juvijhi,30,rekbu@ku.net
74.04217,55.57476,38,Ermimi,52,madafi@ih.io
172.62256,0.13759,14,Ropziiw,63,linadac@zovebwud.net
-158.97728,44.58567,72,Emefedsos,63,sogesme@bez.org
-112.89036,-88.79083,31,Rirzore,57,evuzeofo@cukepine.gov
-21.33846,33.35601,00,Esurada,58,ivvij@almit.net
-3.30663,-88.95267,76,Askidiz,43,cuvoes@folrimje.org
-173.87733,-36.50188,99,Wopvauv,63,niki@nubzefa.co.uk
110.1691,-58.18505,31,Sakajseg,57,ewu@hoz.io
-70.58328,-65.17603,71,Jugici,40,demuv@wufiblo.io
1.58972,63.41459,76,Ronneura,18,sehjafles@jahom.org
-170.80667,79.79363,77,Tudterhud,29,wabobju@pebira.net
156.27353,28.05763,67,Itajunpu,58,koskibod@oniati.io
152.91645,22.29941,36,Genezaki,29,ci@tene.gov
43.38077,86.95486,73,Gukzowen,48,afacoitu@dutda.com
-19.02949,68.39167,71,Mownuvdor,32,dalup@pacra.net
84.68641,51.60627,07,Rigueno,23,pidwuwi@cusez.io
-81.55757,14.07627,12,Zihmasa,55,hegeflil@uw.net
123.17666,-26.73207,12,Ziijoro,44,poswuse@velpatza.co.uk
-141.80715,40.32181,94,Woljusiz,41,gal@moj.org
-118.46045,-69.29415,41,Kusoge,25,sirobig@hulnob.com
18.01019,27.9903,28,Ruakfa,56,idfu@jaduto.edu
-45.65869,-18.97427,58,Tebnorab,25,hocemjuc@vewod.net
-108.64154,-69.33073,70,Sovopa,44,dobgubil@puklu.net
-125.04754,-31.949,02,Utwijul,41,woj@piw.com
99.41494,-71.84044,42,Piipusat,63,rapti@cohir.org
93.27442,45.22906,86,Dacava,53,jahe@huufgof.com
60.56792,-24.36041,61,Celgokiw,57,wigvili@ri.io
-90.72307,-46.1936,92,Ibatitsec,38,dapalo@iflo.edu
-150.86714,15.1192,39,Ojokikfa,18,bobavjo@ekefu.gov
86.20117,74.74094,75,Pemapbov,33,iketekbaw@ca.edu
73.36668,-51.05336,32,Nazogge,33,cujis@burlavvez.com
113.01732,-41.3922,29,Husiag,38,gof@fejjus.io
-148.88317,-72.83666,79,Amipujir,60,li@sifingo.edu
-176.34019,74.79307,71,Diroimi,50,tileh@luwjuj.io
153.11479,5.96522,78,Gizealu,26,tekotid@su.org
65.0503,-61.13624,92,Wegmuccik,58,dafi@bopji.com
93.30227,-84.10764,30,Aduleip,29,ucji@taregcew.org
144.2405,-49.96225,73,Budurmo,39,uv@amu.com
-24.14824,-78.52947,11,Pigegfes,42,wodohmus@keg.io
-149.68546,-46.22212,97,Jipofzo,37,dib@buaka.edu
103.05776,12.11433,37,Ruroome,61,ki@jeuma.co.uk
111.10201,15.80489,80,Geczebno,41,vowukmi@ca.com
-86.20514,-83.75669,01,Ojsodib,49,laven@ticaf.com
-77.75364,48.01885,82,Riemun,60,bis@lutkaum.gov
115.71475,-34.04909,59,Ebekonim,23,ro@nudwafab.org
-57.02188,-21.16347,83,Uczava,49,ow@lopoz.edu
175.04197,-18.1595,02,Weleko,37,mu@vow.org
144.83336,-29.09886,93,Pipaapi,49,he@efi.org
-151.7993,-47.38616,52,Comuenu,47,zivego@kobeju.net
-18.71833,-84.01775,72,Rekibwi,49,fu@jodluhe.org
154.55763,36.90181,83,Wupotsi,53,tej@sevzug.net
-148.68665,-88.38022,90,Zenavtu,54,bolfuha@gisotaw.org
-18.74575,63.60002,07,Jufakra,32,erfup@guwakuvu.edu
-95.78276,32.54567,90,Nakadub,33,ec@ovudebaz.com
-97.32716,-17.47621,70,Nejeevo,58,go@vud.edu
115.18328,-56.6341,17,Pujepun,44,ca@guhepkit.org
-83.84112,43.45777,79,Sunuglav,57,zopfe@luceg.co.uk
-34.40115,55.92932,81,Asufejof,35,guburwas@budpe.net
47.72028,-61.84004,11,Wovgopjob,19,mavo@fuvezudit.edu
158.23457,-30.31774,74,Rojeoda,33,ce@iv.edu
126.47508,37.64357,37,Wovozfe,28,sozawcor@rig.gov
-88.34537,-20.51496,15,Rojivebe,44,rifki@cowiluvo.gov
110.11795,-49.66944,04,Vorepij,25,ovifalna@ti.com
113.99228,45.64424,98,Eduziltup,65,awike@karufabas.io
-128.71405,-67.66733,79,Abeoprud,50,ku@olrudzo.gov
61.22368,82.61279,59,Lezobmu,40,aguelju@ernib.co.uk
84.25757,18.77692,95,Netanhe,65,hekmivow@nun.edu
-53.97546,-7.6851,70,Radmume,26,mojbip@zocnecad.net
156.56577,-41.13692,90,Vikmomnu,33,diw@jahrahmi.co.uk
33.80302,55.23329,93,Jihiol,45,cicuc@egkacer.gov
122.25409,72.60407,28,Ajtozer,22,keidibi@apihok.gov
-12.88417,29.69427,94,Juheri,39,febo@mifnudug.net
-38.24015,-23.48193,26,Cevokim,50,lumucuaze@uk.net
69.65378,-15.16258,44,Amukamgib,33,cewaw@gatta.com
68.63472,-60.41,69,Herapac,56,cu@cewtu.gov
-72.81008,57.09047,49,Ehodumuk,44,hat@rasula.com
-98.2195,55.65128,59,Jofifsi,25,fumrijo@roh.gov
-82.40675,59.29676,76,Jazsewpa,32,fa@uneiwizan.io
-156.33307,3.87788,82,Jaucuvin,18,iz@aji.net
-6.12029,-89.75419,24,Cinwikugu,22,panjida@lovrog.co.uk
140.98165,-48.9459,65,Kitteuju,32,zotuno@cehoabe.gov
7.96801,68.92258,01,Mocicos,54,faku@rajev.io
27.81465,-2.53671,02,Fezenu,18,damabze@nuhcul.gov
-88.0192,45.32689,68,Hingujo,60,hu@fuh.co.uk
1.93839,26.95919,67,Kikpifewo,48,waled@eca.co.uk
-116.908,-38.5119,05,Gewowmup,36,igwok@ruato.gov
70.88021,-46.88357,28,Jizitdim,43,ucusamot@lidjise.edu
99.23726,-5.36855,05,Jezjincur,63,vila@horbafaj.edu
-126.05211,-13.20918,40,Doahul,53,muf@azojas.gov
150.86413,-24.60393,51,Ulucotci,40,farkumri@voweji.edu
11.04204,-48.34043,10,Ujejance,26,pojoldi@un.net
-102.97826,14.51601,52,Ejvoli,41,towive@tad.edu
-89.47038,63.62781,34,Sinmihwuj,42,wotcum@nisguh.io
27.53471,-53.7821,40,Junazuf,55,rawowleg@tih.gov
79.65216,62.01718,97,Gumzutdaz,51,juc@cu.net
-2.54375,-80.88355,23,Sezibtu,18,gun@hatowba.com
-167.30786,-38.36924,38,Pifofpuz,61,geh@wosdo.net
103.93654,42.06605,20,Tospeppi,36,nuza@rih.com
58.23196,-5.76186,72,Wohezaruc,37,jem@vusfakop.gov
-25.01799,28.09968,02,Otifoguja,57,suejipow@gov.edu
-92.00348,3.8702,03,Urudezku,32,sefail@seg.org
163.84831,-70.45372,01,Enaunecam,36,romke@pecehet.edu
32.04613,-32.82675,04,Muhnakor,61,honep@cenkebe.gov
-176.34084,83.31173,29,Zepabek,31,siipva@vu.com
10.87394,87.64092,19,Lecour,44,cuelu@jasbid.co.uk
58.76488,70.27028,58,Bapodet,49,zeniodu@bun.gov
-69.7773,69.23542,61,Kehjozjaf,40,gicujor@edo.edu
156.75758,-19.02386,46,Rowele,52,cewva@nudelru.co.uk
67.07405,80.60662,65,Ulacupup,62,zujlefdet@ci.org
-57.97911,57.14507,98,Viwjemcuc,38,ucajud@zi.org
92.3717,-60.08992,62,Vozujodi,45,isana@wum.gov
2.11958,88.22736,57,Masceub,46,de@hotfusud.gov
-32.66741,-87.20897,44,Aggarek,22,jaimu@sozod.edu
154.47831,-52.4765,98,Juttoman,46,wiwser@botfov.net
95.42504,50.61735,78,Goswigo,34,rav@fepureb.com
-82.33111,58.07696,57,Peinuus,38,wipjak@miafo.co.uk
-145.15499,73.74797,75,Berhiet,49,denre@de.gov
157.71756,0.36307,18,Ziwugzi,64,pu@hekti.gov
154.28406,8.32414,32,Guvnuki,20,bupi@atvar.org
101.49362,-23.94797,64,Ivfaeg,26,idu@muvofpo.co.uk
-54.72002,86.66549,18,Femedda,61,vubwa@ginolimi.net
-2.01274,-49.02937,75,Vucanoc,60,jimki@nikmit.co.uk
91.09269,5.7083,41,Hezigkil,47,imo@wi.net
31.11034,79.86469,56,Rihoju,38,luh@zelopik.com
58.31889,37.14723,64,Raptapa,21,renownir@cu.gov
91.73019,-33.14168,96,Izacubos,49,cin@he.io
111.34115,12.54605,97,Iziobso,32,wud@pavrip.com
-89.70417,74.23398,51,Bezognu,23,evnera@pi.io
165.18698,26.94962,39,Fawwiuc,27,ri@bah.gov
-67.66212,-65.84717,96,Pijiir,19,zedos@sehepe.org
-48.74888,10.86711,67,Ezvabi,46,hiitiiw@ruce.edu
86.81753,25.90943,12,Upgeszo,43,nu@ecame.co.uk
128.86887,50.10544,08,Hocwezel,63,ro@celsahwi.edu
154.99612,72.12744,66,Vicucef,40,kig@ud.gov
134.97321,18.8797,97,Babjedo,62,wu@zaujima.gov
-161.578,-51.34828,77,Nuihido,29,gibujino@jutozga.io
65.56817,-81.03073,44,Juikel,61,bopemihis@sosa.gov
70.29157,-44.27215,37,Fuwuub,65,lu@dolit.org
-79.96896,-12.60424,93,Ariazualo,41,wimfuh@rokgud.org
-178.28736,16.52635,71,Saleto,43,fefe@uhabukcu.org
103.10353,-7.99211,72,Tiseuzo,58,toamakag@benud.co.uk
-3.01111,28.90792,38,Gufdoho,63,kikra@ahi.net
155.43491,58.18687,75,Goiluwif,42,agnu@hetlapgem.org
-51.62463,-87.35852,47,Epumohgi,58,zet@usa.gov
-139.42602,-2.21857,24,Ifjomak,18,sekebu@ca.co.uk
-4.65181,20.51081,89,Ujkuelu,20,tivmaimu@zuwu.net
177.96158,-66.07435,22,Bunpukah,30,neslib@jov.org
-82.12143,-23.39749,18,Ugenuna,32,hu@ihaoga.co.uk
-133.08488,-6.36195,45,Biddivwih,44,hewoz@amogil.com
133.53894,29.05018,47,Jezelfew,25,dukwa@pa.net
-155.3958,-85.31382,60,Dibuwrin,49,vujfa@ib.io
-80.02174,29.83604,53,Civebofi,60,oluceroj@uvdag.edu
-136.43207,-81.40052,65,Ranilda,47,vamragcoz@zeti.com
-153.97417,11.64966,59,Lurugcel,31,owaeghe@tuiz.com
-175.01441,30.15902,22,Cefseun,57,iba@paesdi.net
-48.48529,-74.26186,44,Zowabec,31,tum@upuhu.gov
8.39906,-38.44759,12,Gumema,42,fivcampo@tunoje.com
-112.11025,46.79477,48,Serasih,26,dompat@altacme.gov
19.89178,-18.57844,07,Dovikur,62,heebutas@ga.com
-38.22077,-60.22927,05,Kevvunzu,65,vu@ucuvurcud.gov
3.71481,-84.44361,27,Povidgu,33,hok@feud.gov
39.13465,-16.96439,94,Mefreve,44,vubvo@danaj.gov
-52.06921,16.34971,46,Japzifko,29,zuerarut@wif.gov
-154.09638,-30.21382,63,Apafiduz,34,nicuwu@zonavneh.org
-49.28157,-12.04234,01,Fuwmopoh,52,lori@usudin.com
-83.09273,33.79546,74,Olusogwav,21,wisgev@octe.gov
-91.66206,-6.58933,20,Mughafu,52,pi@mu.gov
-163.35442,37.68417,58,Eptuskez,20,obid@kipawed.gov
-68.86776,60.48486,51,Sanecjot,32,lacwis@gucup.io
-161.25473,23.2374,46,Rikjawwo,51,nogidkup@ruwlu.com
-114.48512,-4.43479,74,Jitidruh,18,duku@nurumaru.net
89.97125,-41.56088,20,Ukmudma,47,ru@afojijod.edu
-111.21717,-7.146,31,Nopoige,32,cibkilda@ivhur.co.uk
36.07208,60.95358,64,Jedbighi,54,bi@ol.org
-27.59204,63.40731,06,Diszeru,48,wedas@agu.co.uk
120.72949,-15.54267,85,Erbaeg,22,naeg@in.com
-43.82332,-46.97551,91,Zomudce,57,galwatomo@foj.org
163.63529,14.05092,24,Lodatbit,44,topzabo@tij.com
-85.1916,-84.20386,20,Hosuwud,46,wunvub@umiedu.org
-29.29519,-66.47312,68,Cowhuim,36,cet@rijze.org
-99.81651,6.36704,09,Caoleco,28,hasfiz@socaneco.io
-158.83252,-1.86019,08,Etnatan,24,fa@nokwubgem.com
-65.66023,-14.49797,33,Zedbedwud,33,noefpof@cof.gov
-159.34962,-63.34277,78,Suclavag,34,icika@cakewemi.gov
-80.83597,-37.22073,64,Toowko,60,ta@ane.gov
12.82911,19.9684,87,Tifadlu,37,omoba@kiube.gov
26.09532,-64.12308,95,Tomcemi,47,gatdeti@kov.gov
54.36233,-10.04204,18,Cilovbo,29,apocer@vu.com
-96.0501,-63.76246,81,Liuhida,50,lukomgef@usoze.com
128.05693,-5.3047,82,Cinnabnu,36,epzamor@nus.org
101.09055,-54.95765,40,Ogjazo,30,foh@mucirdem.co.uk
87.87986,-61.68534,95,Fafjoho,26,tur@gegos.co.uk
-33.34126,24.87994,11,Hiwiofi,28,pawuglaf@wi.co.uk
143.07339,-31.2202,21,Razgikec,47,uruvutile@hekgi.org
-10.12845,50.8867,59,Idipipren,35,pohuvfaf@kol.co.uk
-165.814,-17.94204,86,Okfevfem,64,hi@ino.io
177.92418,-47.91942,96,Felvacat,60,evunapvel@hanho.org
-83.24151,28.64351,38,Gozholub,23,zivcunti@sebge.edu
-133.39366,-10.96751,36,Sahumewac,61,mom@apanuva.edu
166.92489,43.21612,21,Iboohfo,22,aca@iniwave.co.uk
-57.31042,-62.5553,08,Upemeva,22,nunhisiwi@tomdonir.net
-105.03946,40.43996,70,Fevfajape,39,jif@bejset.net
-15.30687,52.72455,79,Zorsippu,39,ijmijvih@jehitoj.net
68.60902,24.65727,41,Potbuwu,39,ojivutul@ufepi.com
104.2158,-86.29446,70,Benelewo,51,veboc@egami.org
10.67771,-51.45431,85,Vibejare,22,cab@kalwuwab.org
-89.05155,-52.84616,77,Avnugde,43,imedujuj@gov.net
-28.16391,-10.94191,98,Dijgomiba,23,abtew@vezajij.io
4.30947,-16.86649,89,Buezofe,24,raureka@sab.edu
101.05726,-49.98387,07,Ifonosuk,33,hosbof@kadle.net
3.27798,72.07887,71,Wovicivi,26,eknawig@kebki.edu
-102.04069,41.02795,98,Gutruama,45,retuvfij@zascecu.edu
37.19656,22.30969,98,Uvpates,31,rebnob@ipicajte.net
179.53275,13.40694,16,Pardafbin,35,akepejkac@tede.gov
131.73362,40.28936,44,Orvaur,34,re@lohbasja.co.uk
179.38312,41.17228,80,Deupiti,53,agfehnip@abitepov.net
-172.83708,-72.3064,22,Ijatera,35,rahu@bulgeoso.com
10.19216,-40.52094,46,Doknamlad,54,elimoscuv@zafef.co.uk
133.77091,14.97657,95,Vifupba,61,me@waper.com
135.21336,-3.78371,62,Viginof,56,iju@raj.org
-126.4005,-74.27526,45,Fehadgo,54,niiwikov@wara.edu
169.03296,-58.37485,03,Kesrewecu,34,otirib@osi.net
-117.11886,29.2156,85,Bomamoj,36,unuhuul@zinditava.gov
38.07368,25.68082,75,Ecweila,40,atu@kaedi.com
154.52198,-64.30751,06,Buwguher,21,bicatisut@matuz.io
-106.88275,-11.55493,91,Widgehbe,44,kipji@haharil.co.uk
71.45552,2.57433,43,Hiiswir,31,sicupgen@uhsu.io
-118.41239,-88.19056,06,Nicubu,23,oztes@du.com
168.04871,-39.71225,93,Nimirod,18,mob@wo.io
-98.15692,-70.96098,61,Zedniowu,22,wav@el.org
-164.14779,42.84241,57,Dodnuzu,31,havbok@infu.net
142.16194,16.82017,64,Bodreihe,28,lupovdot@tidepek.org
175.72045,-68.79692,31,Wapujo,43,gabsu@ciirwew.edu
171.12854,-69.85956,62,Upeozik,19,zo@gac.io
52.08877,34.74968,57,Fonlazi,42,wali@tapvekdi.gov
37.4112,80.7322,95,Saafmi,26,ri@pile.org
-52.45613,-58.88604,39,Onhecgok,29,hamahiz@pucec.gov
-156.90438,56.62428,41,Ikazobot,47,ibuum@atrup.org
-102.5705,-5.22603,54,Lahsojab,50,amjo@tegu.net
92.29011,38.47469,09,Muvdugja,65,zomelih@vudhumog.gov
12.68481,4.93241,75,Awifekob,59,ga@nuji.edu
87.82654,41.04663,02,Diltijji,42,obvab@jon.gov
80.48176,2.59438,67,Ikewifjo,49,kuv@vuhtini.net
89.97249,-21.15855,12,Ohisulob,24,hip@ma.org
93.32939,0.94424,76,Ibeatcic,44,jomizbu@cuevina.com
124.39241,-64.24259,54,Zakihig,53,tig@ahahfo.edu
179.70565,32.6474,40,Wetwuro,38,kevvuna@laj.com
-38.4934,-38.78069,82,Dorvicid,45,tok@iti.co.uk
-39.09231,26.85214,86,Rifpahu,31,cecu@lisete.net
46.02253,-18.07997,30,Opcecze,36,wiufuhos@ongerra.co.uk
158.02763,62.83078,72,Sucapdo,60,tag@putam.net
67.34521,-31.30407,99,Afmeufu,23,si@ure.io
-97.77899,67.90726,23,Lovjuje,60,gelav@mazgozu.co.uk
159.14846,54.06259,28,Naemre,61,uwove@kov.edu
-66.141,36.83919,74,Refhejuf,26,kahna@giojo.edu
-110.09573,-88.50604,29,Upeelvo,46,vehwat@eh.edu
156.71632,-74.56711,97,Tefoezu,33,vihuta@girza.edu
156.35901,56.25565,35,Heilipe,24,ze@sekag.org
-121.13705,-78.20722,69,Vovujni,39,tag@abaod.gov
-123.78535,14.08565,30,Lucfudson,22,ma@we.io
-166.36028,-48.77805,21,Vekampo,53,wugodiope@fuz.edu
-142.81668,-50.05274,33,Bafcobu,40,moczaho@iwu.org
40.68963,-89.26678,14,Mecjettit,37,opuceh@refsic.gov
-48.76492,-38.69283,75,Vadawaz,21,zolkahu@jovma.gov
-110.20463,-28.04688,38,Coakukok,35,idbojob@bawabbup.org
33.8606,-35.65476,09,Febuan,57,abohju@fujpa.com
57.68447,51.44497,45,Zezjuuku,40,ew@ra.io
-92.28489,87.85111,01,Kuvhonkeb,25,isadov@acoumigo.gov
75.43217,-12.16753,12,Ezurehmam,19,evamipa@cuw.co.uk
96.6214,43.42017,85,Sujfonwud,61,poka@pim.net
0.9172,-6.90871,16,Bapugeca,56,gidhik@deseku.com
14.15409,-74.01235,88,Hogjaptuw,50,abwanis@muol.co.uk
-95.22711,54.43762,01,Livtidmi,22,uriuz@dice.org
-37.66339,-86.56926,88,Ihpudeg,39,gaicinam@rekabe.co.uk
115.64584,30.16185,09,Cunocrad,35,tic@bigsut.co.uk
61.14348,25.11991,11,Fujulgu,26,do@erako.co.uk
-161.12784,11.99441,16,Vamakop,55,zuro@igatit.org
69.15744,-68.70337,47,Meorhaj,62,baneg@ne.gov
166.48673,53.32462,34,Febciwuv,58,for@cu.org
-102.59854,8.36749,70,Todizudi,30,lu@mig.com
35.03029,-49.83095,62,Hiweipa,19,mutudsi@ug.org
49.97367,17.70405,38,Apowifbil,42,ituhe@ut.co.uk
-102.52788,-86.59927,77,Rosniwa,20,mubzetpun@ihubakha.io
-176.6559,-89.45955,03,Falrownu,55,is@badmihfa.io
-128.45862,-12.84872,51,Iwirapido,43,nob@vocnico.gov
-173.77554,87.88539,58,Dihamkiw,45,nuna@ali.org
102.10068,-12.13079,41,Iczaugi,33,oliij@elhuna.co.uk
146.60637,44.43296,43,Isucmeb,33,abmi@ej.gov
47.69739,16.98889,04,Hulahbo,61,nicwo@tod.edu
-6.97098,-79.32204,71,Billuwi,48,gevza@fadgowak.gov
123.76325,-63.62689,64,Pidsukdar,26,sogune@teh.io
115.72916,-81.63946,16,Sutawwo,47,umvuniv@obvuri.io
158.70116,-82.73615,93,Ajdubdun,24,elesucfap@imve.edu
122.03075,33.10834,11,Gazoznu,50,tu@opzude.net
101.16855,-17.43862,11,Sazukomo,21,mesa@ejuvuzdo.gov
-104.48541,40.37446,60,Ficwulo,41,upu@hufed.io
-50.6411,-4.56371,85,Vokumme,34,teb@dipime.com
44.58085,82.8741,86,Ikilavwu,61,ac@ini.com
-157.13053,-48.422,12,Ocibovwen,29,bo@kokloz.gov
-120.9603,48.75345,68,Wifzubful,55,avake@but.edu
150.79944,-36.59282,94,Opivimom,38,ij@lefin.edu
156.34986,-11.93242,78,Regefwo,55,ke@himecal.io
-115.69241,-79.37743,04,Romupni,52,radofot@inmerwe.com
74.04963,-16.9394,26,Cejivu,50,muhco@jajewise.gov
123.11259,-67.05595,27,Sisziet,48,avo@ocowu.org
99.98104,5.43653,19,Citora,38,wivujolu@ar.edu
-109.91488,-2.50134,74,Wilhorpa,34,da@ar.co.uk
-68.49079,78.87821,88,Jogothog,55,loh@kaahwe.com
118.81136,81.84082,84,Avkopun,45,nebwogfe@kumdartal.org
157.62022,16.265,02,Vepevsot,58,kuw@zipvez.edu
-39.10218,19.60682,31,Piwucaro,48,dow@sohan.net
-137.93505,83.2867,23,Edirwuc,64,coh@buucze.org
-124.50273,-19.88205,90,Cassujci,25,zumibde@izeujget.com
-161.54105,-42.82039,42,Lukfecmic,20,ulpeg@melro.net
12.68314,-84.51566,86,Mihuvvuc,63,zathutmo@fenkeuto.edu
-24.09281,81.39864,21,Varminnap,38,ja@vipfudam.com
-17.54667,53.53665,94,Moogoc,21,is@ru.io
-72.72349,36.00861,61,Emihipvu,44,vig@taelefef.edu
81.6601,-0.34845,80,Fewgovva,57,unika@cevac.com
-162.84085,18.93448,13,Hafefoz,37,dubrav@niwijiw.gov
143.41425,-48.19347,52,Cugtufrow,35,fegu@mi.org
63.89263,-53.82027,32,Eneijiec,54,potloani@voc.net
-29.87876,65.85409,91,Fazrenal,32,otido@lowle.edu
59.9696,71.81661,19,Recpucit,26,zafijup@ned.gov
177.44238,-57.86266,25,Watekeza,57,ke@dahfih.edu
71.60649,47.20869,64,Osekadi,56,ojusaw@bor.gov
61.3044,15.33802,15,Noiddi,23,ke@tabouc.org
132.68776,-8.69828,25,Romesum,25,nodonoaj@rozfem.org
76.07727,-46.43813,91,Agvijdu,44,lo@alafi.org
28.29374,-34.05406,29,Raznatzut,38,fis@he.gov
88.09701,55.74898,76,Ohafawwe,58,gon@liv.org
113.42326,-81.0356,33,Nalkume,51,gug@ja.co.uk
143.29465,-30.29718,71,Loecacur,63,nasnufon@loco.gov
-10.34747,37.2782,88,Kajoluc,35,zob@fefcimwi.edu
29.71821,-40.29233,85,Gevnishe,31,wude@va.net

